{
 "south": 37.4895514,
 "west": 127.0244262,
 "north": 37.5102769,
 "east": 127.0529154,
 "basis": "2026-07-15 (한여름 기준)",
 "times": [
  "09",
  "12",
  "15",
  "18"
 ]
}