{"rings":[[[127.02447,37.5045719],[127.0244958,37.5045181],[127.0264858,37.5003686],[127.0276351,37.4979643],[127.0316233,37.4895401],[127.0408884,37.4924136],[127.0466923,37.4943051],[127.0527288,37.4962725],[127.0525102,37.4970539],[127.0492947,37.5038648],[127.0490428,37.5043975],[127.0471782,37.503974],[127.0489297,37.5046308],[127.0486753,37.5051403],[127.0482573,37.5059758],[127.0481413,37.5062075],[127.0477696,37.5065913],[127.0472786,37.5069083],[127.046989,37.5070931],[127.0468747,37.5071637],[127.0464106,37.5074492],[127.0457333,37.5078657],[127.0456605,37.5079164],[127.0448697,37.5084753],[127.044176,37.509202],[127.0437658,37.5102633],[127.0338874,37.507392]]],"center":[127.038516,37.500121],"source":"admdongkor ver20260701 (행정안전부 행정동 경계 기반) | 역삼1동+역삼2동 합집합(단일 폴리곤), 2026-07-09"}
